docId,doc_date,vendor,receipt,old_rows,old_rows_total,gap,kind,items_that_sum_to_gap,rows,link
gm-19fdc01a4d613ee4,2026-08-07,"Various (Paul's handwritten expense log - Julio, DL, City of Waxahachie, Home Depot, Walmart)","1,064.97",6,462.96,602.01,receipt > rows: return or omitted item?,"6-12 Julio - mow front yard 200.00 + 6-17 DL - mow backyard, tall grass 200.00 + 6-18 City of Waxahachie - water 200.00 + 6-28 Home Depot - item not described on log 2.01",280 Sparkling RECONCILED/ Home Depot 248.15 | 280 Sparkling RECONCILED/ Home Depot 60.56 | 280 Sparkling RECONCILED/ Home Depot 1.33 | 280 Sparkling RECONCILED/ Home Depot 6.47 | 280 Sparkling RECONCILED/ Home Depot 5.72 | 280 Sparkling RECONCILED/ Walmart 140.73,https://mail.google.com/mail/u/0/#all/19fdc01a4d613ee4
gm-19d405df0d679aff,2026-03-30,Waxahachie Glass Corp.,518.78,2,"1,037.56",-518.78,"rows > receipt: another receipt, or a typed amount to check",,104 Ashburne/Chimney/FIreplace/Glass Waxahachie Glass 518.78 | 104 Ashburne/House Hardware Waxahachie Glass 518.78,https://mail.google.com/mail/u/0/#all/19d405df0d679aff
gm-19f3f5c3cbc8f50e,2026-07-07,Falcon Creek Lawn Care,535.00,2,110.00,425.00,receipt > rows: return or omitted item?,,280 Sparkling RECONCILED/ Effren - 1372 55.00 | 280 Sparkling RECONCILED/ Effren - 1374 55.00,https://mail.google.com/mail/u/0/#all/19f3f5c3cbc8f50e
gm-19c54bfd346362be,2026-02-03,"Lowe's Home Centers, LLC",768.99,2,368.09,400.90,receipt > rows: return or omitted item?,"Kerdi-Board-SN shower niche 12-in x 12-in w/frame, screws + washers (item 650939 183.98 + 3-1/2-in oil-rubbed bronze mortise interior door hinge (item 206721) QTY 1 5.07 + 3-1/2-in matte black mortise interior door hinge (item 2503597) QTY 1 5.39 + Baron matte black hall/closet passage door knob contractor 6-pack (item 5183977) 136.35 + Baron matte black exterior deadbolt + keyed entry knob combo pack (item 1658869) 70.11",104 Ashburne/House Hardware Lowes 219.14 | 104 Ashburne/House Hardware Lowes 148.95,https://mail.google.com/mail/u/0/#all/19c54bfd346362be
gm-1a05ab48308800cc,2026-08-30,Falcon Creek Lawn Care,425.00,1,110.00,315.00,receipt > rows: return or omitted item?,,881 Newport/ Efren - 1390 110.00,https://mail.google.com/mail/u/0/#all/1a05ab48308800cc
gm-19e8f79855b1df77,2026-05-29,The Home Depot,303.27,2,11.87,291.40,receipt > rows: return or omitted item?,"Landscape/irrigation materials: 6 @ 12.98 10"" black nylon anchoring stakes 77.88 262.84 + Jamestown wood elongated white toilet seat 29.98 less 3.60 Pro Xtra preferred pr 28.56",1616 Granite RECONCILED/ Home Depot 7.56 | 1616 Granite RECONCILED/ Home Depot 4.31,https://mail.google.com/mail/u/0/#all/19e8f79855b1df77
gm-19ed8190a6945042,2026-06-16,The Home Depot,589.45,7,300.16,289.29,receipt > rows: return or omitted item?,,RECAST BIZ/Tools The Home Depot 150.47 | RECAST BIZ/Tools The Home Depot 30.28 | 104 Ashburne/Small Baths Home Depot 38.97 | 104 Ashburne/Supplies Home Depot 14.04 | 104 Ashburne/Supplies Home Depot 32.44 | 104 Ashburne/Supplies Home Depot 14.04 | 104 Ashburne/Supplies Home Depot 19.92,https://mail.google.com/mail/u/0/#all/19ed8190a6945042
gm-1a05ab0fab9330ec,2026-08-30,Falcon Creek Lawn Care,425.00,1,150.00,275.00,receipt > rows: return or omitted item?,Grass cutting x2 @ $55.00 - 881 Newport 110.00 + Grass cutting x2 @ $55.00 - 136 Bowling Green 110.00 + Grass cutting x1 @ $55.00 - 280 Sparkling Springs 55.00,104 Ashburne/Landscaping Falcon Creek Lawn Care - INV 1390 150.00,https://mail.google.com/mail/u/0/#all/1a05ab0fab9330ec
gm-19e2257005de0d6e,2026-05-13,VistaPrint,405.84,1,147.69,258.15,receipt > rows: return or omitted item?,"Metal Sign Holders for Real Estate, qty 2 (94.83 net + 7.82 tax) 102.65 + Real Estate Sign Riders, qty 2 (63.00 net + 5.20 tax) 68.20 + Real Estate Sign Riders, qty 2 (80.65 + 6.65 tax) 87.30",RECAST BIZ/Marketing VistaPrint 147.69,https://mail.google.com/mail/u/0/#all/19e2257005de0d6e
gm-19c5d297b5829e55,2026-02-14,The Home Depot,353.12,3,95.19,257.93,receipt > rows: return or omitted item?,"2-1/2"" drive pins, 25 pcs (incl. tax) 10.05 + Milwaukee M18 FUEL 6-1/2"" circular saw, net of free XC6.0 battery BOGO (incl. ta 247.88",RECAST BIZ/Tools Home Depot 41.10 | 104 Ashburne/Supplies Home Depot 16.22 | 104 Ashburne/Supplies Home Depot 37.87,https://drive.google.com/file/d/1d7L_wzfiuV5TXD1bFSEh-si0uuSZ46y2/view?usp=drivesdk
gm-19bc2ac9659bedac,2026-01-15,The Home Depot,248.67,1,8.63,240.04,receipt > rows: return or omitted item?,"Milwaukee M12 SURGE 1/4"" hydraulic impact driver kit w/ (2) 2.0Ah batteries & ba 215.41 + Diablo 1-1/4"" steel forstner bit (incl. tax) 17.29 + 1-1/4 in x 48 in hardwood round dowel - shop stock, no job assigned (incl. tax) 7.34",RECAST BIZ/Tools Home Depot 8.63,https://drive.google.com/file/d/1nphP8iGvvw2ts4HMcQe1-QtT1B9z3VKk/view?usp=drivesdk
gm-1a06da589b0fc446,2026-09-04,"Lowe's Home Centers, LLC",270.50,3,36.20,234.30,receipt > rows: return or omitted item?,"Kwikset Brentford/Sedona entry handleset (item 6823980), incl. tax share 135.31 + 2 x 1-gal Valspar porch & floor stain, light base (item 65735), incl. tax share 86.56 + Project Source swivel scrub brush (item 5462651) for porch/floor prep, incl. tax 12.43",469 Brushwood/ Lowes 14.05 | 469 Brushwood/ Lowes 7.56 | 469 Brushwood/ Lowes 14.59,https://mail.google.com/mail/u/0/#all/1a06da589b0fc446
gm-19bc2775a6872115,2026-01-15,The Home Depot,248.67,2,14.68,233.99,receipt > rows: return or omitted item?,,RECAST BIZ/Tools Home Depot 7.34 | 104 Ashburne/Supplies Home Depot 7.34,https://drive.google.com/file/d/1acVtswFO50RlOSwOYQKl42vmBcozM4os/view?usp=drivesdk
gm-19d4ed506ec83c9a,2026-04-02,The Home Depot,271.24,1,58.37,212.87,receipt > rows: return or omitted item?,"1-1/2"" flanged washer (incl. tax share) 3.52 + Universal tub drain cartridge gasket (incl. tax share) 4.31 + 3 x 40 lb Lawn Thick'R Tall Fescue seed @ 63.14 (incl. tax share) 205.04",104 Ashburne/Supplies Home Depot 58.37,https://drive.google.com/file/d/1xCcg9al8SkPPJ4kXbkqYO4jE0314eIRX/view?usp=drivesdk
gm-19cf2444d6efb00f,2026-03-15,The Home Depot,313.59,5,115.39,198.20,receipt > rows: return or omitted item?,,RECAST BIZ/Tools Home Depot 70.33 | 104 Ashburne/Supplies Home Depot 20.55 | 104 Ashburne/Supplies Home Depot 18.37 | 104 Ashburne/Supplies Home Depot 3.07 | 104 Ashburne/Supplies Home Depot 3.07,https://drive.google.com/file/d/1-edI43EIwShtWAM_tngrOn0saxuC1osZ/view?usp=drivesdk
gm-19caf33c58069d0d,2026-03-02,The Home Depot,219.69,1,22.70,196.99,receipt > rows: return or omitted item?,1-1/4 in. x 24 ft. sump pump discharge hose kit (incl. tax) 24.88 + 1/3HP submersible utility pump (incl. tax) 172.11,RECAST BIZ/Tools Home Depot 22.70,https://mail.google.com/mail/u/0/#all/19caf33c58069d0d
gm-19f0e855936a44de,2026-06-28,The Home Depot,330.68,5,159.41,171.27,receipt > rows: return or omitted item?,"BEHR PP I/E Granite Grip Gray 1G, 3 @ 63.98 net of -38.39 Pro Xtra Preferred Pri 166.22 + Better 9 x 1/4 in knit poly roller cover (4.67 + tax) 5.05",136 Bowling Green/ Home Depot 107.17 | 136 Bowling Green/ Home Depot 1.97 | 136 Bowling Green/ Home Depot 4.85 | 136 Bowling Green/ Home Depot 21.63 | 136 Bowling Green/ Home Depot 23.79,https://drive.google.com/file/d/1M85y1sckxBG5wVdCnzJ2D1nMK63R4-No/view?usp=drivesdk
gm-19f0fbce663c9387,2026-06-28,"Lowe's Home Centers, LLC",187.64,2,28.60,159.04,receipt > rows: return or omitted item?,"SKU 65795 Valspar latex floor paint, 128 fl oz x3 @ 39.98 (incl. $9.89 tax share 129.83 + SKU 4664333 HGTV urethane door & trim paint, qt (incl. $2.23 tax share) 29.21",136 Bowling Green/ Lowes 14.55 | 136 Bowling Green/ Lowes 14.05,https://drive.google.com/file/d/18AHF8I-xkG6ZKOyBKz5NUN--vR47mqfv/view?usp=drivesdk
gm-19d4918fa3edc702,2026-04-01,The Home Depot,281.09,2,131.25,149.84,receipt > rows: return or omitted item?,"PVC quarter round 3@11.94, vinyl-clad weatherstrip 3@6.93, 48"" steel angle 24.94 149.84",RECAST BIZ/Tools Home Depot 96.34 | 104 Ashburne/Small Baths Home Depot 34.91,https://drive.google.com/file/d/1DQUzfVhHrQ-KzJy5jqxXXLbJpVT687ld/view?usp=drivesdk
gm-19f18b33a88ea898,2026-06-30,The Home Depot,197.31,1,56.31,141.00,receipt > rows: return or omitted item?,3 @ 17.98 air register 12x6 wall/ceiling white steel 3-way (incl. $4.45 tax) 58.39 + 5 @ 4.98 Alex Fast Dry white caulk 10.1 oz (incl. $2.05 tax) 26.95 + 3 @ 13.48 GE Supreme Silicone kitchen & bath clear 10.1 oz (incl. $3.34 tax) 43.78 + Husky RapidLock utility knife 10.97 (incl. $0.91 tax) 11.88,104 Ashburne/Small Baths Home Depot 56.31,https://drive.google.com/file/d/1guyOxurOSZaVdn8_ISuDX1PZ02Vfx2YD/view?usp=drivesdk
gm-19c678226649aa40,2026-02-16,Harbor Freight Tools,250.77,6,110.34,140.43,receipt > rows: return or omitted item?,"Bauer D-handle SDS-Plus rotary hammer, SKU 58214 ($114.99 less $17.25 discount) 105.81 + SDS-Plus 10in bull point chisel, SKU 56557 17.31 + SDS-Plus 3/4in x 10in flat chisel, SKU 56555 17.31",RECAST BIZ/Tools Harbor Freight 10.81 | RECAST BIZ/Tools Harbor Freight 21.64 | RECAST BIZ/Tools Harbor Freight 43.29 | RECAST BIZ/Tools Harbor Freight 27.05 | 104 Ashburne/Supplies Harbor Freight 2.15 | 104 Ashburne/Supplies Harbor Freight 5.40,https://mail.google.com/mail/u/0/#all/19c678226649aa40
gm-19d2556d29835a4b,2026-03-25,"Lowe's Home Centers, LLC",486.80,5,347.18,139.62,receipt > rows: return or omitted item?,"Allen + Roth Tiverton rectangular pedestal sink combo (SKU 76118), incl. share o 119.07 + Kobalt 100-ft fiberglass long tape measure (SKU 412115), incl. share of TX sales 20.55",104 Ashburne/Small Baths Lowes 107.17 | 104 Ashburne/Small Baths Lowes 77.92 | 104 Ashburne/Master Bath Lowes 107.17 | 104 Ashburne/Master Bath Lowes 44.01 | 104 Ashburne/Supplies Lowes 10.91,https://drive.google.com/file/d/1OBt5kC3UTMvyjrtjyKU1K851MqIr7JWA/view?usp=drivesdk
gm-19d7d96bd9768097,2026-04-11,The Home Depot,181.51,4,43.20,138.31,receipt > rows: return or omitted item?,,104 Ashburne/Small Baths Home Depot 10.80 | 104 Ashburne/Supplies Home Depot 10.80 | 104 Ashburne/Supplies Home Depot 10.80 | 104 Ashburne/Supplies Home Depot 10.80,https://drive.google.com/file/d/1t7itEZhq43AkjmJjP8csWKFd0O7ltlf-/view?usp=drivesdk
gm-19c7be8f6b3c531b,2026-02-20,The Home Depot,135.07,1,17.29,117.78,receipt > rows: return or omitted item?,,RECAST BIZ/Tools Home Depot 17.29,https://mail.google.com/mail/u/0/#all/19c7be8f6b3c531b
gm-19c529f443b9a66e,2026-02-12,The Home Depot,156.67,2,40.54,116.13,receipt > rows: return or omitted item?,"1/2 in. x 10 ft. red PEX-A straight pipe 4.94 + tax 5.35 + 1/2 in. x 10 ft. blue PEX pipe 4.73 + tax 5.12 + 1/2"" PEX SS clamps, 10-pack 7.38 + tax 7.99 + 1/2"" SharkBite couplings, 2 @ 9.36 = 18.72 + tax 20.26 + 1/2"" SharkBite end stops, 2 @ 9.11 = 18.22 + tax 19.72 + LUS28Z 2""x8"" 18GA double shear hangers, 3 @ 2.77 = 8.31 + tax 9.00 + PEX clamp tool (QCLAMP) 44.98 + tax 48.69",RECAST BIZ/Tools Home Depot 24.88 | 104 Ashburne/Supplies Home Depot 15.66,https://mail.google.com/mail/u/0/#all/19c529f443b9a66e
gm-19cb001414554a99,2026-03-02,The Home Depot,147.38,2,32.38,115.00,receipt > rows: return or omitted item?,,104 Ashburne/Small Baths Home Depot 16.19 | 104 Ashburne/Lighting & Electrical Home Depot 16.19,https://mail.google.com/mail/u/0/#all/19cb001414554a99
gm-19f059f5de8379eb,2026-06-26,The Home Depot,144.91,2,31.86,113.05,receipt > rows: return or omitted item?,"Mold-X mesh joint tape 1-7/8""x300' 13.28, USG all-purpose joint compound 3.5qt 1 61.75 + Vancouver satin nickel door handleset 46.97 less 7.05 Pro Xtra = 39.92 incl. 3.2 43.20 + Charmin Soft bath tissue 4 mega rolls 7.48 incl. 0.62 tax - general job/office c 8.10",136 Bowling Green/ Home Depot 12.85 | 136 Bowling Green/ Home Depot 19.01,https://mail.google.com/mail/u/0/#all/19f059f5de8379eb
gm-19cc5d6126f9b0e8,2026-03-06,Amazon,146.11,1,43.28,102.83,receipt > rows: return or omitted item?,"Passky ceiling fan with lights, qty 1 ($94.99 incl. share of TX sales tax) 102.83",104 Ashburne/Supplies Amazon 43.28,https://drive.google.com/file/d/1tszB-WTdmS_c3RTee1S_19yMAIwktY8w/view?usp=drivesdk
gm-19d2a6dc500a3a1c,2026-03-26,The Home Depot,104.63,1,7.56,97.07,receipt > rows: return or omitted item?,"EVB white wood shelf 12x72 ($21.98) + HD 6ft oak closet rod ($24.98), incl. tax 50.83 + 2G white Decora wallplates 3@1.68, 3G white Decora wallplates 3@3.58, Cantex old 30.76 + 1/2"" PVC riser extender ($2.34) + 1/2"" IPS steel hinged flange plates 2@5.98, in 15.48",104 Ashburne/Supplies Home Depot 7.56,https://drive.google.com/file/d/1f2q_c3kYtJMlfqZ8mUpluTMBxHHn9C-_/view?usp=drivesdk
gm-19bae80800798f37,2026-01-07,The Home Depot,393.55,12,305.85,87.70,receipt > rows: return or omitted item?,,RECAST BIZ/Tools Home Depot 41.11 | RECAST BIZ/Tools Home Depot 85.52 | RECAST BIZ/Tools Home Depot 5.30 | RECAST BIZ/Tools Home Depot 18.37 | RECAST BIZ/Tools Home Depot 32.44 | RECAST BIZ/Tools Home Depot 27.03 | RECAST BIZ/Tools Home Depot 16.11 | RECAST BIZ/Tools Home Depot 19.45 | RECAST BIZ/To,https://drive.google.com/file/d/1ZVDEqXlk7twrRuzyK-JsTl3VhzsqLH7I/view?usp=drivesdk
gm-19b9ef373c8332d3,2026-01-08,The Home Depot,122.77,2,36.20,86.57,receipt > rows: return or omitted item?,"Defiant Compact HubSpace smart square video doorbell, matte black ($79.97 + tax) 86.57",RECAST BIZ/Tools Home Depot 23.77 | 104 Ashburne/Cleaning Home Depot 12.43,https://mail.google.com/mail/u/0/#all/19b9ef373c8332d3
gm-1a07d2aab4818b57,2026-09-06,The Home Depot,115.51,1,32.41,83.10,receipt > rows: return or omitted item?,Behr Premium Semi-Transparent stain: 5105 Padre Brown 1G + 5104 Cordovan Brown 1 83.10,469 Brushwood/ Home Depot 32.41,https://drive.google.com/file/d/17PlZo5qE07wHrcX6SXH1naJdzryIEujX/view?usp=drivesdk
gm-19d6d01dadaa68e4,2026-04-08,The Home Depot,207.08,4,125.97,81.11,receipt > rows: return or omitted item?,,104 Ashburne/Paint & Flooring Home Depot 47.63 | 104 Ashburne/Supplies Home Depot 12.95 | 104 Ashburne/Supplies Home Depot 21.61 | 104 Ashburne/Supplies Home Depot 43.78,https://drive.google.com/file/d/1Svs9tT6_SFjEh5BgW8lSLJaY_r-gdUjN/view?usp=drivesdk
gm-19d2647307183ef9,2026-03-25,The Home Depot,98.59,1,17.83,80.76,receipt > rows: return or omitted item?,"2x wax ring w/ Hydroseat 45.96, Tapcon 5/32x3-1/2 drill bit 7.98, Tapcon 3/16x1- 80.76",104 Ashburne/Lighting & Electrical Home Depot 17.83,https://drive.google.com/file/d/1qGwMdOP5f2cSs-B-Ew-6u9yLWGNyeXJo/view?usp=drivesdk
gm-19ed818d6be0fb42,2026-06-16,The Home Depot,126.66,2,47.64,79.02,receipt > rows: return or omitted item?,,104 Ashburne/Small Baths Home Depot 23.82 | 104 Ashburne/Supplies Home Depot 23.82,https://drive.google.com/file/d/1THdunvjQR7KaqWX3CA4tsx_oF9rpw-mA/view?usp=drivesdk
gm-19d1b92fe12a4c7d,2026-03-23,The Home Depot,98.07,1,19.42,78.65,receipt > rows: return or omitted item?,"2 @ 13.45 1/2"" SB x 3/8"" OD comp angle stops (26.90) + 4 @ 11.44 1/4-turn angle  78.65",104 Ashburne/Small Baths Home Depot 19.42,https://drive.google.com/file/d/1SxCJSApwrx9UUj4JfYT2cJh-XYgoSORO/view?usp=drivesdk
gm-19c66a1cdb487a56,2026-02-16,The Home Depot,183.38,4,106.58,76.80,receipt > rows: return or omitted item?,Stanley folding sawhorse 2-pk (incl. tax) 59.52 + Anvil mini glass scraper w/ 10 blades (incl. tax) 5.39 + Anvil 4 in. flex putty knife (incl. tax) 11.89,104 Ashburne/Lighting & Electrical Home Depot 56.20 | 104 Ashburne/Supplies Home Depot 6.47 | 104 Ashburne/Supplies Home Depot 39.75 | 104 Ashburne/Supplies Home Depot 4.16,https://drive.google.com/file/d/1LWOHxyo0yarxeZRyUfHTkNcRJF-6NklW/view?usp=drivesdk
gm-1a0394bf02758212,2026-08-25,Amazon,37.90,1,113.58,-75.68,"rows > receipt: another receipt, or a typed amount to check",,RECAST BIZ/Office Amazon.com 113.58,https://drive.google.com/file/d/160_c-Cdthhz4c2O8d0wD62L6VU1fec55/view?usp=drivesdk
gm-1a000805d296df8b,2026-08-14,The Home Depot,87.26,1,11.88,75.38,receipt > rows: return or omitted item?,Defiant Vancouver handleset MB 49.97 less 7.50 Pro Xtra Preferred Pricing = 42.4 45.97 + Defiant Hartford MB combo pack 31.97 less 4.80 Pro Xtra Preferred Pricing = 27.1 29.41,366 Mesa/ Home Depot 11.88,https://drive.google.com/file/d/1OC65derKXGQVjdxfhUbk9VOAiEt8kw68/view?usp=drivesdk
gm-19c768d3b6197026,2026-02-19,The Home Depot,390.12,9,316.61,73.51,receipt > rows: return or omitted item?,,RECAST BIZ/Tools Home Depot 31.37 | RECAST BIZ/Tools Home Depot 23.78 | RECAST BIZ/Tools Home Depot 54.09 | 104 Ashburne/Lighting & Electrical Home Depot 86.57 | 104 Ashburne/Paint & Flooring Home Depot 7.56 | 104 Ashburne/Supplies Home Depot 23.67 | 104 Ashburne/Supplies Home Depot 11.70 | 104 Ashb,https://drive.google.com/file/d/1981pmNyhpzmog5-cgUGTTb3rjMxSE14Q/view?usp=drivesdk
gm-19cc387a05beb25b,2026-03-06,The Home Depot,199.60,2,126.09,73.51,receipt > rows: return or omitted item?,"Milwaukee OMT blades: 2 @ 16.97 2-1/2"" HCS wood + 3pk 1-3/8"" Japanese hardwood 3 73.51",104 Ashburne/Small Baths Home Depot 117.99 | 104 Ashburne/Supplies Home Depot 8.10,https://drive.google.com/file/d/1RR1QxC7JmRWQRmwa5SjyYAV5cRtduf-_/view?usp=drivesdk
gm-19d3a4c4d7090e19,2026-03-29,The Home Depot,87.64,2,15.93,71.71,receipt > rows: return or omitted item?,"18 x 5/8""x5-1/2""x8' PT pine dog-ear pickets @ $3.68 (incl. tax share) 71.71",104 Ashburne/Small Baths Home Depot 10.11 | 104 Ashburne/Small Baths Home Depot 5.82,https://mail.google.com/mail/u/0/#all/19d3a4c4d7090e19
gm-19d3ee7e210a8af3,2026-03-30,The Home Depot,85.23,1,17.83,67.40,receipt > rows: return or omitted item?,"23 @ $1.58 5/8""x5-1/2""x6' PT pine dog-ear pickets ($36.34), 3 @ $5.98 1/2"" IPS s 67.40",104 Ashburne/Lighting & Electrical Home Depot 17.83,https://mail.google.com/mail/u/0/#all/19d3ee7e210a8af3
gm-19ce7245dbb4ed86,2026-03-13,"Lowe's Home Centers, LLC",109.14,1,48.32,60.82,receipt > rows: return or omitted item?,"Mapei Ultracolor Plus FA grout #5222 Honey Butter (SKU 5351590), incl. tax share 6.73 + Ultracolor Plus 10 lb grout #507 (SKU 778323), incl. tax share 27.05 + Ultracolor Plus 10 lb grout #500 (SKU 1024929), incl. tax share 27.04",104 Ashburne/Paint & Flooring Lowes 48.32,https://drive.google.com/file/d/1gn9pyhkWH1jzk9eyvwixamTRYDtx4l2p/view?usp=drivesdk
gm-19f41acfd298c9d7,2026-07-08,The Home Depot,87.93,2,30.81,57.12,receipt > rows: return or omitted item?,"Behr PPI 1050 flat ultra pure white interior paint 128 oz, 2 @ 32.98 = 65.96 les 57.12",881 Newport/ Home Depot 14.59 | 881 Newport/ Home Depot 16.22,https://drive.google.com/file/d/11cCAWolWNeAq5AfFiOhbb5Mf4e3nDdWQ/view?usp=drivesdk
gm-19cd8db842855d26,2026-03-10,The Home Depot,87.25,2,33.82,53.43,receipt > rows: return or omitted item?,,104 Ashburne/Supplies Home Depot 16.91 | 104 Ashburne/Supplies Home Depot 16.91,https://drive.google.com/file/d/1KGu234JiirQkoSSD4_KDCDuwVGj4oBzY/view?usp=drivesdk
gm-19c488e7c2b56593,2026-02-10,The Home Depot,200.87,5,147.56,53.31,receipt > rows: return or omitted item?,"1/4-turn angle stop valve 1/2 nom CPVC x 3/8 OD, 4 @ 11.44 (incl. tax) 49.55 + Toolbox blue shop towel single roll (incl. tax) 3.76",RECAST BIZ/Tools Home Depot 4.84 | RECAST BIZ/Tools Home Depot 17.29 | RECAST BIZ/Tools Home Depot 31.37 | 104 Ashburne/Lighting & Electrical Home Depot 86.51 | 104 Ashburne/Lighting & Electrical Home Depot 7.55,https://drive.google.com/file/d/1DKM42Kn2v0aYUyOxH7gYQM0cCdCY4j_C/view?usp=drivesdk
gm-19ed8195997d06ad,2026-06-17,The Home Depot,77.88,1,29.21,48.67,receipt > rows: return or omitted item?,"MKE 5"" bi-metal hole saw (SKU 045242198597) $44.97 incl. $3.71 sales tax 48.67",RECAST BIZ/Tools The Home Depot 29.21,https://drive.google.com/file/d/1RJK6W8exngKBTL9dhJVHUWLaJtJdP2ft/view?usp=drivesdk
gm-1a0679d10dfb58fc,2026-09-03,The Home Depot,55.87,2,9.16,46.71,receipt > rows: return or omitted item?,"Glidden MultiPro interior flat ultra-pure white, 3 @ 17.98 less 10.79 Pro Paint  46.71",469 Brushwood/ Home Depot 3.77 | 469 Brushwood/ Home Depot 5.39,https://drive.google.com/file/d/1Cc5n079-sBSgOR_WLedbPXyISMXyWHyF/view?usp=drivesdk
gm-19e8f7927b019869,2026-05-28,The Home Depot,406.83,2,363.56,43.27,receipt > rows: return or omitted item?,4x100 PB weed-block landscape fabric $39.97 incl. tax share 43.27,1616 Granite RECONCILED/ Home Depot 346.27 | 1616 Granite RECONCILED/ Home Depot 17.29,https://drive.google.com/file/d/1-D7gy0eoO-BCQI5WatCIdE_RbkFiYJFN/view?usp=drivesdk
gm-19c6be8d0bd458c9,2026-02-17,The Home Depot,67.55,2,25.92,41.63,receipt > rows: return or omitted item?,,RECAST BIZ/Tools Home Depot 12.96 | RECAST BIZ/Tools Home Depot 12.96,https://drive.google.com/file/d/1ABT-SXtJzBn3B68By2GfyyIEM0lf-6IY/view?usp=drivesdk
gm-19edc17308bcd897,2026-06-18,The Home Depot,96.36,4,55.82,40.54,receipt > rows: return or omitted item?,"1/2"" IPS steel hinged flange plate, 6 @ 5.98 38.84 + Machine screw SS comb rnd #10 x 1-1/2 1.70",RECAST BIZ/Tools The Home Depot 29.20 | RECAST BIZ/Tools The Home Depot 18.37 | 104 Ashburne/Supplies Home Depot 4.85 | 104 Ashburne/Supplies Home Depot 3.40,https://mail.google.com/mail/u/0/#all/19edc17308bcd897
gm-19edabdf68ad91f0,2026-06-18,The Home Depot,47.93,1,8.10,39.83,receipt > rows: return or omitted item?,"1x4x6 No.2 lumber, 6 @ 6.97 less Pro Xtra Preferred Pricing -5.02, incl. share o 39.83",104 Ashburne/Supplies Home Depot 8.10,https://drive.google.com/file/d/14Vwq9UQyvA4guQDR9a0hjNvt71QqaZKP/view?usp=drivesdk
gm-19e8f7e6652f7e3e,2026-05-31,The Home Depot,51.74,2,14.23,37.51,receipt > rows: return or omitted item?,"Behr Premium semi-transparent stain, Deco Conc Stain 855, 1 gal (SKU 67888520517 34.61 + Blue Diamond almonds, roasted salted 1.5 oz 2.68 incl. tax share 2.90",1616 Granite RECONCILED/ Home Depot 5.06 | 1616 Granite RECONCILED/ Home Depot 9.17,https://mail.google.com/mail/u/0/#all/19e8f7e6652f7e3e
gm-19d492744d5f21c2,2026-04-01,"Lowe's Home Centers, LLC",55.01,1,20.55,34.46,receipt > rows: return or omitted item?,"PVC quarter round 3/4in x 3/4in, 4 @ 7.96 (SKU 209628), incl. share of TX sales  34.46",104 Ashburne/House Hardware Lowes 20.55,https://drive.google.com/file/d/1YkAr1WEdFP_PiUVk3AkFQ4ob9RdZeaZs/view?usp=drivesdk
gm-19f42c17927282a4,2026-07-08,The Home Depot,55.34,1,21.63,33.71,receipt > rows: return or omitted item?,"BEHR PPI 1050 Flat interior paint 128 oz (SKU 678885050832) $32.98 less $6.60 Pr 28.55 + Dasani water 20 oz, 2 @ $2.58 (non-taxable) 5.16",881 Newport/ Home Depot 21.63,https://mail.google.com/mail/u/0/#all/19f42c17927282a4
gm-19badcf888c0b1cb,2026-01-11,The Home Depot,170.63,10,137.88,32.75,receipt > rows: return or omitted item?,"GRK R4 10x3-1/8 structural screws, 70pk 16.90 + GRK RSS bulk screws 3/8 x 12, 2 @ 4.60 9.96 + GRK RSS screws 3/8 x 8, 2 @ 2.72 5.89",RECAST BIZ/Tools Home Depot 14.04 | RECAST BIZ/Tools Home Depot 23.78 | RECAST BIZ/Tools Home Depot 14.04 | RECAST BIZ/Tools Home Depot 31.37 | 104 Ashburne/Lighting & Electrical Home Depot 25.94 | 104 Ashburne/Supplies Home Depot 4.48 | 104 Ashburne/Supplies Home Depot 3.12 | 104 Ashburne/Supplies ,https://drive.google.com/file/d/18kwSM9i62HT2pKEvr0gnuCMlvVbSj008/view?usp=drivesdk
gm-19f237650c695b39,2026-07-01,The Home Depot,118.15,3,85.68,32.47,receipt > rows: return or omitted item?,,881 Newport/ Home Depot 28.56 | 881 Newport/ Home Depot 28.56 | 881 Newport/ Home Depot 28.56,https://drive.google.com/file/d/14pcmNaLOCy7mp_NenfuqW5WHanIhH_lg/view?usp=drivesdk
gm-19cb9e86dc1c5092,2026-03-04,The Home Depot,39.96,1,7.51,32.45,receipt > rows: return or omitted item?,HUSKY 42G contractor bags 50ct (incl. share of sales tax) 32.45,104 Ashburne/Supplies Home Depot 7.51,https://mail.google.com/mail/u/0/#all/19cb9e86dc1c5092
gm-19f13a69198b2b6c,2026-06-29,The Home Depot,37.40,2,5.21,32.19,receipt > rows: return or omitted item?,,280 Sparkling RECONCILED/ Home Depot 2.79 | 280 Sparkling RECONCILED/ Home Depot 2.42,https://drive.google.com/file/d/1FGi9_EegpWd4aTwTVME7KCpdXgTVVCT0/view?usp=drivesdk
gm-19f43e16247dc4bd,2026-07-08,The Home Depot,36.65,1,8.10,28.55,receipt > rows: return or omitted item?,"Behr PPI 1050 flat ultra pure white interior paint, 128 oz (net of $6.60 Pro Xtr 28.55",881 Newport/ Home Depot 8.10,https://drive.google.com/file/d/1puqmQJETnqpovh12tc5uUaoy8h6SN29U/view?usp=drivesdk
gm-19e8f7c1c4dffe11,2026-05-29,The Home Depot,35.98,2,7.60,28.38,receipt > rows: return or omitted item?,"Rain Bird 1/2 in. emitter tubing, 18 in. spacing, 100 ft (SKU 077985038267) $26. 28.38",1616 Granite RECONCILED/ Home Depot 4.17 | 1616 Granite RECONCILED/ Home Depot 3.43,https://drive.google.com/file/d/1mM6xKvjYrp11VBIzPIs1r8nol5mloVTV/view?usp=drivesdk
gm-19f00c2049c512fe,2026-06-25,The Home Depot,176.59,7,150.48,26.11,receipt > rows: return or omitted item?,,136 Bowling Green/ Home Depot 6.47 | 136 Bowling Green/ Home Depot 7.56 | 136 Bowling Green/ Home Depot 11.71 | 136 Bowling Green/ Home Depot 60.59 | 136 Bowling Green/ Home Depot 45.97 | 136 Bowling Green/ Home Depot 11.71 | 136 Bowling Green/ Home Depot 6.47,https://mail.google.com/mail/u/0/#all/19f00c2049c512fe
gm-19e8f7c50d0fbad4,2026-05-29,The Home Depot,29.65,1,4.73,24.92,receipt > rows: return or omitted item?,"Universal Super Flapper and Performax toilet repair kit, 21.98 less 2.64 Pro Xtr 20.94 + Titebond I Original wood glue 8 oz, incl. tax share 3.98",1616 Granite RECONCILED/ Home Depot 4.73,https://drive.google.com/file/d/1B1dGPUwTiBzqegKQxibYNT5iewFFY6Bu/view?usp=drivesdk
gm-19ebc1789358c9a5,2026-06-12,50Floor,"1,339.00",1,"1,319.00",20.00,receipt > rows: return or omitted item?,,"1616 Granite RECONCILED/ 50floor 1,319.00",https://mail.google.com/mail/u/0/#all/19ebc1789358c9a5
gm-1a0a0befad5d6040,2026-09-05,"Lowe's Home Centers, LLC",28.06,1,8.10,19.96,receipt > rows: return or omitted item?,"1LB roofing nail EG 1-3/4 (SKU 108263), 6.48 incl. tax share 7.01 + APOC 109 10-oz asphalt roof cement (SKU 1060920), 2 @ 5.98 = 11.96 incl. tax sha 12.95",469 Brushwood/ Lowes 8.10,https://mail.google.com/mail/u/0/#all/1a0a0befad5d6040
gm-19ccf1f38113d4f9,2026-03-08,The Home Depot,106.75,3,86.83,19.92,receipt > rows: return or omitted item?,"19/32"" x 5-1/2"" x 6' cedar dog-ear pickets, 5 @ 3.68, incl. tax 19.92",104 Ashburne/Countertops & Backsplash Home Depot 14.38 | 104 Ashburne/Master Bath Home Depot 54.08 | 104 Ashburne/Supplies Home Depot 18.37,https://drive.google.com/file/d/1YZP3vIlLKmDqA2Z2GYHiZhc4rLiQN0Xv/view?usp=drivesdk
gm-19d3a708f16b12eb,2026-03-29,The Home Depot,25.73,1,5.81,19.92,receipt > rows: return or omitted item?,"5 @ $3.68 - 5/8"" x 5-1/2"" x 8' PT pine dog-ear fence pickets (incl. share of tax 19.92",104 Ashburne/Small Baths Home Depot 5.81,https://drive.google.com/file/d/1zpsw1UtLt56dMKgx0tBeOEqf_R9zHYQd/view?usp=drivesdk
gm-1a063139bc9a9a33,2026-09-02,The Home Depot,109.01,8,89.54,19.47,receipt > rows: return or omitted item?,Zep concrete degreaser / driveway cleaner 128 oz (incl. tax share) 19.47,469 Brushwood/ Home Depot 12.95 | 469 Brushwood/ Home Depot 7.56 | 469 Brushwood/ Home Depot 8.16 | 469 Brushwood/ Home Depot 10.80 | 469 Brushwood/ Home Depot 19.45 | 469 Brushwood/ Home Depot 8.58 | 469 Brushwood/ Home Depot 6.47 | 469 Brushwood/ Home Depot 15.57,https://drive.google.com/file/d/1xTqOhPymTY3Rmsr6cS7cXB6gg6eclsr9/view?usp=drivesdk
gm-19e8d21354ffd672,2026-06-03,Uber,94.98,1,113.98,-19.00,"rows > receipt: another receipt, or a typed amount to check",,RECAST BIZ/Travel Uber 113.98,https://mail.google.com/mail/u/0/#all/19e8d21354ffd672
gm-19d019ce67d9c5c3,2026-03-18,The Home Depot,54.47,2,36.08,18.39,receipt > rows: return or omitted item?,"Threaded rod, zinc 36 x 8-32 ($2.84 + tax) 3.08 + GRK Deck Elite wood screw 9x3 in, 80 pk ($14.15 + tax) 15.31",104 Ashburne/Trash Home Depot 32.44 | 104 Ashburne/Supplies Home Depot 3.64,https://drive.google.com/file/d/1hpwvObYLqmaPSSlup2IP9TsvwJ37Q46L/view?usp=drivesdk
gm-19d7301fafc82a83,2026-04-09,The Home Depot,111.24,3,95.12,16.12,receipt > rows: return or omitted item?,"CE standard wire connectors red 30-pk 5.42 + WAGO lever nut splicing 10-pk 9.47, 16.12",RECAST BIZ/Tools Home Depot 17.29 | 104 Ashburne/Paint & Flooring Home Depot 62.74 | 104 Ashburne/Supplies Home Depot 15.09,https://drive.google.com/file/d/1oVwucDJ4e1Y9iN6uDeSYUKUG_4c3gHI9/view?usp=drivesdk
gm-19cbf798cd5a28c5,2026-03-05,The Home Depot,333.56,3,318.01,15.55,receipt > rows: return or omitted item?,"1-gang white standard outlet wallplate, 10-pk (incl. tax) 4.85 + High-efficiency toilet plunger (incl. tax) - general-use tool, not consumed into 10.70",104 Ashburne/Lighting & Electrical Home Depot 8.57 | 104 Ashburne/Lighting & Electrical Home Depot 6.47 | 104 Ashburne/Lighting & Electrical Home Depot 302.97,https://drive.google.com/file/d/1-UQRtyYI37yUJ_uLFNClOekeFA_vwrDf/view?usp=drivesdk
gm-19d535a923f6b186,2026-04-03,"Lowe's Home Centers, LLC",341.72,9,326.67,15.05,receipt > rows: return or omitted item?,,104 Ashburne/House Hardware Lowes 156.94 | 104 Ashburne/Lighting & Electrical Lowes 80.06 | 104 Ashburne/Lighting & Electrical Lowes 7.53 | 104 Ashburne/Supplies Lowes 4.31 | 104 Ashburne/Supplies Lowes 18.38 | 104 Ashburne/Supplies Lowes 18.38 | 104 Ashburne/Supplies Lowes 28.12 | 104 Ashburne/Supp,https://mail.google.com/mail/u/0/#all/19d535a923f6b186
gm-19f99daa6dab8453,2026-07-07,Falcon Creek Lawn Care,535.00,5,550.00,-15.00,"rows > receipt: another receipt, or a typed amount to check",,881 Newport/ Effren 300.00 | 881 Newport/ Effren 55.00 | 136 Bowling Green/ Effren - 1372 55.00 | 1616 Granite RECONCILED/ Effren - 1372 70.00 | 1616 Granite RECONCILED/ Effren - 1374 70.00,https://mail.google.com/mail/u/0/#all/19f99daa6dab8453
gm-19cde962bea0354f,2026-03-11,The Home Depot,43.77,1,29.21,14.56,receipt > rows: return or omitted item?,"1/2"" SB x 3/8"" OD comp angle stop 13.45 + 1.11 tax share 14.56",RECAST BIZ/Tools Home Depot 29.21,https://drive.google.com/file/d/1gZA5gdGfSyjnCAn3lTYWXoJzuRYOiYSk/view?usp=drivesdk
gm-19e79a903622d62d,2026-05-30,"Lowe's Home Centers, LLC",24.58,2,10.53,14.05,receipt > rows: return or omitted item?,,RECAST BIZ/Materials Lowe's Home Improvement 0.92 | RECAST BIZ/Materials Lowe's Home Improvement 9.61,https://mail.google.com/mail/u/0/#all/19e79a903622d62d
gm-19e8f7ef66615f5a,2026-06-02,Tom Thumb,31.87,1,19.45,12.42,receipt > rows: return or omitted item?,"Bottled water 3.98, Fritos 1.00, deli turkey sliders 3ct 6.79 + 0.65 tax 12.42",1616 Granite RECONCILED/ Tom Thumb 19.45,https://mail.google.com/mail/u/0/#all/19e8f7ef66615f5a
gm-19d6ee18dbed6f84,2026-04-08,The Home Depot,891.18,1,879.31,11.87,receipt > rows: return or omitted item?,,104 Ashburne/Landscaping Home Depot 879.31,https://mail.google.com/mail/u/0/#all/19d6ee18dbed6f84
gm-19f386e1e70d7f5a,2026-07-06,Tiger Mart #20,21.63,1,10.81,10.82,receipt > rows: return or omitted item?,,RECAST BIZ/Office Tiger Mart #20 (Exxon) 10.81,https://drive.google.com/file/d/1ym7ReQcMo6eI5B8rmKIX9pXznlYUGhil/view?usp=drivesdk
gm-19d4a3ee589e436a,2026-04-01,The Home Depot,93.58,4,82.89,10.69,receipt > rows: return or omitted item?,"ATG MaxiFlex Ultimate gloves L, 2pk (incl. tax) 10.69",104 Ashburne/House Hardware Home Depot 15.86 | 104 Ashburne/Supplies Home Depot 37.89 | 104 Ashburne/Supplies Home Depot 6.47 | 104 Ashburne/Supplies Home Depot 22.67,https://drive.google.com/file/d/1bv7Pp9Yb2Xc7unJLH327L9MUkbbPuswv/view?usp=drivesdk
gm-1a0622070be6c806,2026-09-02,Amazon,137.06,1,126.61,10.45,receipt > rows: return or omitted item?,,RECAST BIZ/Marketing Amazon.com 126.61,https://mail.google.com/mail/u/0/#all/1a0622070be6c806
gm-19e69ec679ab8f42,2026-05-27,The Home Depot,13.99,1,3.72,10.27,receipt > rows: return or omitted item?,DRYDEX spackling 16 oz (9.48 + tax share) 10.27,104 Ashburne/Supplies Home Depot 3.72,https://drive.google.com/file/d/1-OIs50ZrKPG9rof0jJp12VUkThYkvuYw/view?usp=drivesdk
gm-19d98540dce2874d,2026-04-16,Window Man Window Cleaning,848.68,1,858.68,-10.00,"rows > receipt: another receipt, or a typed amount to check",,104 Ashburne/Cleaning Window Man 858.68,https://mail.google.com/mail/u/0/#all/19d98540dce2874d
gm-19bae832dd56cffa,2026-01-10,The Home Depot,83.41,1,75.73,7.68,receipt > rows: return or omitted item?,"#10-12x1-1/4"" plastic ribbed anchors 10pk 3.48 + #8-10x1"" plastic anchors 10pc 3 7.68",104 Ashburne/HVAC Home Depot 75.73,https://drive.google.com/file/d/1MSEWqlv-p5Io13ETuZrQjNog8nPylIEO/view?usp=drivesdk
gm-19eea5d1a93a9656,2026-06-21,The Home Depot,10.19,1,3.71,6.48,receipt > rows: return or omitted item?,9 in plastic plastic roller tray 3pk (SKU 727193903252) $5.98 incl. share of tax 6.48,280 Sparkling RECONCILED/ Home Depot 3.71,https://drive.google.com/file/d/1TCuGcstnP2KBJcC9loCD_5AzWMKCGOC1/view?usp=drivesdk
gm-19f19badba627de1,2026-06-30,The Home Depot,61.25,2,55.29,5.96,receipt > rows: return or omitted item?,"Smartwater 1L x2 @ 2.98, no tax 5.96",104 Ashburne/Supplies Home Depot 4.85 | 104 Ashburne/Supplies Home Depot 50.44,https://mail.google.com/mail/u/0/#all/19f19badba627de1
gm-19ba9590cb81d5f0,2026-01-10,The Home Depot,42.60,1,37.87,4.73,receipt > rows: return or omitted item?,Rayovac High Energy AA 4-pack (incl. share of sales tax) 4.73,104 Ashburne/HVAC Home Depot 37.87,https://drive.google.com/file/d/1kyud80EphC9da3rlTatYeYUsZMeiEeRj/view?usp=drivesdk
gm-19c576d1036e4a39,2026-02-13,The Home Depot,143.41,3,147.18,-3.77,"rows > receipt: another receipt, or a typed amount to check",,RECAST BIZ/Tools Home Depot 139.64 | 104 Ashburne/Supplies Home Depot 3.77 | 104 Ashburne/Supplies Home Depot 3.77,https://drive.google.com/file/d/1deGUzi8y68f1aSrD8FP3YYWyuViEaNoI/view?usp=drivesdk
gm-19f1083966df0eb6,2026-06-28,The Home Depot,7.47,1,4.03,3.44,receipt > rows: return or omitted item?,CANDY - SNICKERS 1.86oz $3.18 + $0.26 allocated sales tax 3.44,280 Sparkling RECONCILED/ Home Depot 4.03,https://mail.google.com/mail/u/0/#all/19f1083966df0eb6
gm-19e8f7d48435a6ab,2026-05-30,The Home Depot,7.83,1,4.85,2.98,receipt > rows: return or omitted item?,Smartwater 1L (non-taxable) 2.98,1616 Granite RECONCILED/ Home Depot 4.85,https://mail.google.com/mail/u/0/#all/19e8f7d48435a6ab
gm-19d2c0314cc37287,2026-03-26,The Home Depot,8.40,1,5.82,2.58,receipt > rows: return or omitted item?,Dasani water 20 oz (non-taxed) 2.58,104 Ashburne/Master Bath Home Depot 5.82,https://mail.google.com/mail/u/0/#all/19d2c0314cc37287
gm-19cddf3d9dcd3db2,2026-03-11,The Home Depot,6.68,1,8.63,-1.95,"rows > receipt: another receipt, or a typed amount to check",,104 Ashburne/Landscaping Home Depot 8.63,https://drive.google.com/file/d/1j1WViQ7k1WHOmJZyBUSey6ulfsSND2ln/view?usp=drivesdk
gm-19e8f7d279f40059,2026-05-30,The Home Depot,45.14,1,43.29,1.85,receipt > rows: return or omitted item?,Orbit mushroom bubbler full-pattern sprinkler head (SKU 046878540422) $1.71 incl 1.85,1616 Granite RECONCILED/ Home Depot 43.29,https://drive.google.com/file/d/1zSpPFW_mjzMdrMO7fK0A4VmO47ZMCLAI/view?usp=drivesdk
gm-19c8bf46eab10e3a,2026-02-23,City of Ovilla,50.86,1,49.14,1.72,receipt > rows: return or omitted item?,Online payment convenience fee on utility payment 1.72,104 Ashburne/Utilities City of Ovilla 49.14,https://mail.google.com/mail/u/0/#all/19c8bf46eab10e3a
gm-19ca6cf04236bd89,2026-02-28,The Home Depot,2.84,1,4.28,-1.44,"rows > receipt: another receipt, or a typed amount to check",,104 Ashburne/Supplies Home Depot 4.28,https://mail.google.com/mail/u/0/#all/19ca6cf04236bd89
gm-19f0e8b993f57cd0,2026-06-28,The Home Depot,6.35,1,5.06,1.29,receipt > rows: return or omitted item?,,136 Bowling Green/ Home Depot 5.06,https://drive.google.com/file/d/1LDbnvaDUWaehYpm43Pn3u2YCPeYJv8cg/view?usp=drivesdk
gm-19fd7f3f3ed0e605,2026-08-06,McCoy's Building Supply,44.56,1,45.56,-1.00,"rows > receipt: another receipt, or a typed amount to check",,136 Bowling Green/ McCoy's 45.56,https://drive.google.com/file/d/128f00XZRGnTA0ue9E_DhO7l4bXIDo7nd/view?usp=drivesdk
gm-19d7e6d319ca7b28,2026-04-11,Shell,22.39,1,21.72,0.67,receipt > rows: return or omitted item?,,RECAST BIZ/Meals Shell 21.72,https://mail.google.com/mail/u/0/#all/19d7e6d319ca7b28
gm-19f3d8464aa86145,2026-07-07,Butter and Grace - The Mini,38.15,1,38.65,-0.50,"rows > receipt: another receipt, or a typed amount to check",,RECAST BIZ/Meals Butter and Grace - The Mini 38.65,https://mail.google.com/mail/u/0/#all/19f3d8464aa86145
gm-19ca6987ecb649fd,2026-02-28,The Home Depot,2.84,1,2.48,0.36,receipt > rows: return or omitted item?,,104 Ashburne/House Hardware Home Depot 2.48,https://drive.google.com/file/d/1GQ3fVGzat5Je9dONMyPGx_wD_7o8GqGD/view?usp=drivesdk
gm-19bc4186ab17e432,2026-01-15,The Home Depot,3.98,1,4.33,-0.35,"rows > receipt: another receipt, or a typed amount to check",,104 Ashburne/House Hardware Home Depot 4.33,https://mail.google.com/mail/u/0/#all/19bc4186ab17e432
gm-1a05d57329a431d5,2026-09-01,Butter &amp; Grace,25.91,1,26.24,-0.33,"rows > receipt: another receipt, or a typed amount to check",,RECAST BIZ/Meals Butter & Grace 26.24,https://mail.google.com/mail/u/0/#all/1a05d57329a431d5
gm-19c70c97dc638c65,2026-02-18,The Home Depot,69.56,1,69.24,0.32,receipt > rows: return or omitted item?,,104 Ashburne/Lighting & Electrical Home Depot 69.24,https://mail.google.com/mail/u/0/#all/19c70c97dc638c65
gm-19c1eedb38c22d7c,2026-02-02,Local Government Solutions (Online Record Search),10.30,1,10.00,0.30,receipt > rows: return or omitted item?,,RECAST BIZ/Business Local Government Solutions (Online Record Search) 10.00,https://drive.google.com/file/d/1oDoPyYUyoQs5ighYtfvOaCQHuIZUu4q1/view?usp=drivesdk
gm-19c976016b5f86ab,2026-02-25,Local Government Solutions (Online Record Search),10.30,1,10.00,0.30,receipt > rows: return or omitted item?,LGS online records transaction fee 0.30,RECAST BIZ/Business Local Government Solutions (Online Record Search) 10.00,https://drive.google.com/file/d/1FgimijyoGkZQ9j9-irA73CjUSqTlIJ8t/view?usp=drivesdk
gm-1a067bd438f39de3,2026-09-03,Floor and Decor,42.21,1,42.41,-0.20,"rows > receipt: another receipt, or a typed amount to check",,469 Brushwood/ Floor & Decor 42.41,https://drive.google.com/file/d/1Q02T9GHJ95gMXo_uuAVTsq6KWmjwq3aW/view?usp=drivesdk
gm-19f98341582eb450,2026-07-25,TXU Energy,102.16,1,102.12,0.04,receipt > rows: return or omitted item?,,136 Bowling Green/ TXU 102.12,https://mail.google.com/mail/u/0/#all/19f98341582eb450
gm-19d9299078f0128e,2026-04-15,Shell,10.95,1,10.97,-0.02,"rows > receipt: another receipt, or a typed amount to check",,104 Ashburne/Gas/Truck/Trailer Shell 10.97,https://mail.google.com/mail/u/0/#all/19d9299078f0128e
gm-19ce39f32dd9c9c0,2026-03-12,The Home Depot,673.29,2,673.30,-0.01,"rows > receipt: another receipt, or a typed amount to check",Milwaukee M18 FUEL 16GA angled finish nailer + M18 5.0Ah battery/charger starter 625.68,RECAST BIZ/Tools Home Depot 625.69 | 104 Ashburne/Supplies Home Depot 47.61,https://mail.google.com/mail/u/0/#all/19ce39f32dd9c9c0
